firstName,lastLame,email,password,title,role,birthday,sex
Barbara,Williams,bwilliams@tazzy.mil,JxCR48ui,employee,engineer,12/29/1986,Male
Timothy,Sanders,tsanders@skimia.mil,S4Tmd6XBo,employee,professor,11/25/1975,Male
Howard,Peterson,hpeterson@babbleset.com,ZCWqbb,employee,technician,11/13/1983,Female
William,Campbell,wcampbell@feedfire.edu,yvBGwaqA7,employee,MOE,1/4/2011,Male
Michelle,Tucker,mtucker@zoonoodle.name,vzkFjauzWtz,student,MOE,4/18/1983,Male
Jean,Kim,jkim@jumpxs.name,K1uOpA4Zb4SN,student,MOE,10/2/2007,Male
Randy,Gonzales,rgonzales@shufflebeat.net,w6thlx,employee,technician,5/22/1996,Female
Timothy,Stevens,tstevens@bubblebox.org,qY8c3bCSDZt,student,lecturer,7/4/1953,Male
Carol,Ward,cward@twitterwire.gov,orJXysISFt,student,seniorLecturer,9/16/2011,Male
Terry,Alexander,talexander@brainverse.org,QdLtXb5CHs,employee,lecturer,12/12/1961,Female
Timothy,Romero,tromero@twitterlist.net,XPmo53,student,professor,4/11/1964,Female
Clarence,Carter,ccarter@avavee.org,BYqkDVCO5LP,student,headOfLaboratory,11/7/1986,Female
Earl,Hill,ehill@rhynoodle.com,a1Y5jrIg,student,seniorLecturer,1/31/1988,Male
Harold,Burton,hburton@bubblemix.name,wJr0Hno,student,professor,1/22/1990,Female
Annie,Collins,acollins@kazu.biz,LIfzwCY5O,student,seniorResearchFellow,6/16/1957,Male
Michelle,Alvarez,malvarez@youfeed.biz,cKyCE7sk,student,assistant,2/20/2002,Female
Larry,Ross,lross@vitz.info,CG4QDXrP5lR,student,technician,9/19/1979,Female
Lillian,Stephens,lstephens@feedfire.org,vsQALfR,employee,MOE,2/6/1980,Female
Kathleen,Stone,kstone@nlounge.org,YI5hhPVv,student,technician,11/18/1981,Female
Barbara,Hunter,bhunter@mycat.info,LVyHwSgJpTJ,employee,engineer,12/8/1976,Male
Kathryn,Gonzalez,kgonzalez@oozz.name,M6FbCT,student,lecturer,6/30/2005,Male
Victor,Willis,vwillis@skalith.mil,gG5F7KOn,employee,engineer,4/28/1984,Female
Margaret,Webb,mwebb@thoughtsphere.org,uCsux30,student,assistant,11/27/2004,Male
Justin,Lane,jlane@avamm.edu,aCjj5jm9P1UV,employee,assistant,8/23/1993,Female
Ryan,Ryan,rryan@ozu.biz,QqNKJR,student,headOfLaboratory,8/29/2000,Female
Doris,White,dwhite@talane.name,YqnGg6RUWJ,employee,headOfLaboratory,6/13/1974,Female
Sara,Fernandez,sfernandez@kanoodle.net,sPEeD2qJD8L,student,MOE,4/15/1992,Male
Lisa,Collins,lcollins@babbleblab.com,KoFTc3,employee,technician,6/10/1994,Male
Joshua,Fuller,jfuller@centizu.info,GuX007Lqz,student,lecturer,3/4/1989,Female
Keith,Bradley,kbradley@mymm.name,jMPbshuSl9,employee,technician,12/12/1979,Female
Ryan,Perkins,rperkins@katz.net,40zEHwI,employee,seniorResearchFellow,12/23/1988,Female
Carlos,Morrison,cmorrison@bubblemix.biz,acLCAmfJ,employee,assistant,8/9/1954,Female
Louis,Cruz,lcruz@eamia.com,dvPyORZh8,student,assistant,11/23/2005,Female
Barbara,Woods,bwoods@snaptags.mil,GF3ZldA,student,headOfLaboratory,3/9/1974,Female
Christina,Duncan,cduncan@wikizz.com,e1Fkgik3I5Y,student,assistant,3/18/1970,Female
Victor,Henderson,vhenderson@buzzbean.mil,0jh1mOcATnL4,employee,technician,6/16/1995,Male
Gary,Franklin,gfranklin@kazu.net,rQrCyQpqUi39,student,engineer,9/4/1983,Male
Jesse,Edwards,jedwards@topicblab.biz,RyKwUT1,employee,professor,2/15/1960,Male
Sandra,Ellis,sellis@fadeo.gov,7cjpfyNJ6Fse,employee,assistant,3/11/1972,Male
Justin,Morrison,jmorrison@roomm.biz,regHR7DXyj,student,assistant,10/23/1965,Female
Janet,Stewart,jstewart@snaptags.org,T4K6hbRLhL7,employee,lecturer,5/4/2008,Male
Fred,Wagner,fwagner@flipbug.org,5EfuAaiiVuvF,student,engineer,1/3/2009,Female
Linda,Elliott,lelliott@vitz.com,aSIxcmscNF3,employee,headOfLaboratory,6/15/2013,Male
Paula,Wagner,pwagner@realblab.edu,VdGaON,student,professor,5/21/1987,Male
Joe,Hansen,jhansen@oloo.edu,8ntlGx3Yzy,student,assistant,5/25/2009,Male
Wanda,Gilbert,wgilbert@kazio.org,pD1rTqr1cqg,employee,lecturer,1/7/2003,Female
Ernest,Mcdonald,emcdonald@blogxs.biz,XFtuQ7,student,professor,10/2/1990,Female
Shirley,Dunn,sdunn@zoomdog.org,lKsMIpiixt4,employee,seniorLecturer,11/19/2000,Female
Julia,Lawson,jlawson@quamba.org,DIhEvGjpIR6t,employee,technician,1/22/1954,Female
Frances,Oliver,foliver@wordify.org,dguOrh,employee,MOE,8/13/1956,Male
Jason,Garrett,jgarrett@vinder.org,cmDoWt,employee,assistant,4/28/1988,Female
Craig,Payne,cpayne@skyndu.edu,uADHyJhF787f,employee,engineer,11/22/1992,Female
Sandra,Cole,scole@livetube.name,0rF5dAPPBPXf,employee,technician,2/26/2001,Male
Rachel,Lewis,rlewis@jazzy.com,MMn54x9OM,employee,MOE,6/21/1967,Male
Alan,Cunningham,acunningham@oyoloo.org,zMEI9djgR,student,lecturer,7/13/1955,Female
Carlos,Owens,cowens@blogtag.edu,PB0mdYxQK,student,professor,3/2/1952,Male
James,Morris,jmorris@feedbug.gov,U12BprcL,student,MOE,8/13/1992,Female
Jason,Taylor,jtaylor@jaloo.com,mTdYJnaL,student,assistant,8/6/2005,Female
Bobby,Wilson,bwilson@twiyo.name,lNcfGwA4n,employee,seniorLecturer,9/14/1983,Male
Phyllis,Olson,polson@zoonder.mil,fJAM8RXHUnfk,employee,seniorLecturer,3/27/1959,Female
Lori,Mills,lmills@kwilith.org,bNQgNk,student,seniorResearchFellow,6/5/2012,Male
Jeffrey,Green,jgreen@rhynoodle.edu,zZpnHqbdn,student,professor,4/29/1976,Male
Harry,Rice,hrice@jaxworks.mil,Ebjq9Ph95lBj,student,assistant,11/13/2001,Female
Brandon,Butler,bbutler@edgeclub.mil,B7LXbk6T3,employee,engineer,7/21/1979,Female
Cheryl,Spencer,cspencer@jaxspan.com,E3VxovJ41v9,student,MOE,4/1/1971,Female
Frank,Sullivan,fsullivan@tanoodle.info,Bk4WtSFux,student,professor,5/28/1982,Male
Kelly,Shaw,kshaw@quamba.com,H2PiBRuDY,employee,professor,12/6/1992,Male
Susan,Parker,sparker@fivebridge.org,VxRE7hIyyPU,employee,lecturer,2/20/1958,Female
Debra,Hicks,dhicks@miboo.org,JhhHte,student,seniorLecturer,10/8/1992,Female
Anne,Bradley,abradley@gabtune.org,CZGA6j8gC,student,headOfLaboratory,5/25/1961,Female
Brian,Gonzales,bgonzales@zoomcast.gov,zFB1e13Rgj,employee,headOfLaboratory,5/21/1994,Male
Shirley,Marshall,smarshall@meemm.com,O6yTEKzo,employee,lecturer,6/25/1967,Male
Shawn,Taylor,staylor@kwideo.biz,ilOU6cH4GEk3,student,MOE,1/30/2004,Male
Gerald,Smith,gsmith@linklinks.mil,DJWq6YXZDf,employee,assistant,6/17/1962,Male
Louis,Harper,lharper@eimbee.mil,QJgWUySSW,student,professor,10/3/1996,Female
Steven,Arnold,sarnold@yakitri.info,HoTCo1TP,employee,assistant,6/16/2012,Male
Wayne,Chavez,wchavez@mycat.name,HFfEYwrlMEI,employee,engineer,3/23/1967,Female
Virginia,Martinez,vmartinez@mynte.org,TCzQTqLiOzZ,employee,professor,4/19/1967,Male
William,Mcdonald,wmcdonald@zooveo.name,K8JZlB,student,seniorLecturer,3/25/2003,Female
Johnny,Jordan,jjordan@centimia.com,5Y4cIUn0DMfR,student,headOfLaboratory,5/28/1964,Male
Angela,Hunter,ahunter@demivee.net,AfYeLI,student,professor,6/17/1981,Female
Antonio,Oliver,aoliver@twitterbeat.edu,K4hYWNbU1cC,employee,technician,7/31/1952,Female
James,Harvey,jharvey@yamia.edu,aiS2FkyVt,employee,engineer,9/30/1959,Female
Craig,Hawkins,chawkins@edgeify.com,gRYJtKK,employee,professor,1/3/1992,Male
Donald,Ryan,dryan@meevee.org,QvDZNACnl,employee,seniorResearchFellow,10/28/1974,Female
Timothy,Fowler,tfowler@abatz.gov,dYOspbuygwgk,employee,MOE,3/21/1999,Male
Craig,Hunter,chunter@vinte.mil,xcDwbQ1hOMM,employee,technician,10/10/1981,Female
Cynthia,Willis,cwillis@yabox.edu,WCGa95,employee,engineer,10/2/1974,Male
Lois,Spencer,lspencer@plambee.net,KMSM0pkEDCh1,student,assistant,4/1/1978,Female
Kathryn,Woods,kwoods@riffpedia.gov,d1LZWNy0O,employee,MOE,6/3/2009,Female
Antonio,Jackson,ajackson@oyoloo.name,YtxgzfRNVTB,student,lecturer,3/7/1951,Female
Douglas,Dunn,ddunn@twitterlist.info,zhOgZ1JkQv,student,professor,11/8/1979,Female
Daniel,Powell,dpowell@realblab.org,uyrZCHSIidfa,student,professor,1/3/1953,Male
Ralph,Wagner,rwagner@dabz.mil,arIhaVKu,employee,lecturer,7/5/1951,Male
Brian,Chapman,bchapman@skiptube.info,gXw3i6tOMoZC,employee,engineer,9/7/1957,Male
Michelle,Robinson,mrobinson@pixope.biz,MATozF5HQJfn,student,lecturer,8/17/2001,Male
Gloria,Lee,glee@topiclounge.biz,doTji4oV,employee,professor,10/11/1993,Male
Nicole,Dean,ndean@ooba.org,K8OC6Ubdy,student,engineer,6/26/2011,Female
Alan,Taylor,ataylor@rhynyx.com,WB0KYh,employee,headOfLaboratory,4/5/2000,Female
Ryan,Gonzales,rgonzales@yamia.info,PzidCAybba,employee,headOfLaboratory,10/17/1963,Female
